{"cameraMode":{"drawMode":0,"name":"Shaded","section":"Shading Mode"},"sceneLighting":false,"audioPlay":false,"sceneViewState":{"m_AlwaysRefresh":false,"showFog":true,"showSkybox":false,"showFlares":true,"showImageEffects":true,"showParticleSystems":true,"showVisualEffectGraphs":true,"m_FxEnabled":true},"in2DMode":false,"pivot":{"x":0.7799994945526123,"y":0.781476616859436,"z":2.6298346519470217},"rotation":{"x":0.3613000512123108,"y":-0.04609652981162071,"z":0.017419150099158288,"w":0.9311631917953491},"size":3.178642511367798,"orthographic":false}