{"cameraMode":{"drawMode":0,"name":"Shaded","section":"Shading Mode"},"sceneLighting":false,"audioPlay":false,"sceneViewState":{"m_AlwaysRefresh":false,"showFog":true,"showSkybox":false,"showFlares":true,"showImageEffects":true,"showParticleSystems":true,"showVisualEffectGraphs":true,"m_FxEnabled":true},"in2DMode":false,"pivot":{"x":-1.5705780982971192,"y":0.9869999885559082,"z":-1.9915978908538819},"rotation":{"x":0.3613000512123108,"y":-0.04609652981162071,"z":0.017419150099158288,"w":0.9311631917953491},"size":3.9441916942596437,"orthographic":false}