{"cameraMode":{"drawMode":0,"name":"Shaded","section":"Shading Mode"},"sceneLighting":false,"audioPlay":false,"sceneViewState":{"m_AlwaysRefresh":false,"showFog":true,"showSkybox":false,"showFlares":true,"showImageEffects":true,"showParticleSystems":true,"showVisualEffectGraphs":true,"m_FxEnabled":true},"in2DMode":false,"pivot":{"x":35.92941665649414,"y":0.21325081586837769,"z":-0.2208700180053711},"rotation":{"x":0.3613000512123108,"y":-0.04609652981162071,"z":0.017419150099158288,"w":0.9311631917953491},"size":1.3769174814224244,"orthographic":false}