{"cameraMode":{"drawMode":0,"name":"Shaded","section":"Shading Mode"},"sceneLighting":false,"audioPlay":false,"sceneViewState":{"m_AlwaysRefresh":false,"showFog":true,"showSkybox":false,"showFlares":true,"showImageEffects":true,"showParticleSystems":true,"showVisualEffectGraphs":true,"m_FxEnabled":true},"in2DMode":false,"pivot":{"x":0.2172960638999939,"y":0.33994877338409426,"z":0.30025792121887209},"rotation":{"x":-0.2614227533340454,"y":-0.09479515999555588,"z":0.025808215141296388,"w":-0.9602230787277222},"size":1.9141428470611573,"orthographic":false}