{"cameraMode":{"drawMode":0,"name":"Shaded","section":"Shading Mode"},"sceneLighting":false,"audioPlay":false,"sceneViewState":{"m_AlwaysRefresh":false,"showFog":true,"showSkybox":false,"showFlares":true,"showImageEffects":true,"showParticleSystems":true,"showVisualEffectGraphs":true,"m_FxEnabled":true},"in2DMode":false,"pivot":{"x":-4.482558250427246,"y":0.7735365629196167,"z":2.5723161697387697},"rotation":{"x":0.3613000512123108,"y":-0.04609652981162071,"z":0.017419150099158288,"w":0.9311631917953491},"size":5.778828144073486,"orthographic":false}