{"cameraMode":{"drawMode":0,"name":"Shaded","section":"Shading Mode"},"sceneLighting":false,"audioPlay":false,"sceneViewState":{"m_AlwaysRefresh":false,"showFog":true,"showSkybox":false,"showFlares":true,"showImageEffects":true,"showParticleSystems":true,"showVisualEffectGraphs":true,"m_FxEnabled":true},"in2DMode":false,"pivot":{"x":22.49757194519043,"y":32.418975830078128,"z":-40.20698547363281},"rotation":{"x":0.015927067026495935,"y":0.9745680093765259,"z":-0.07353334128856659,"w":0.21108737587928773},"size":1.4282585382461548,"orthographic":false}